fixIdx,legIdx,tickLead,togo,area
7731,2,3466.676731198088,82.974,2301.2077475777774
7732,2,3467.676731198088,82.971,1726.3308454760656
7733,2,3468.676731198088,82.968,1726.766244294904
