fixIdx,legIdx,tickLead,togo,area
7731,2,3464.678679311422,82.972,2299.825989900298
7732,2,3465.678679311422,82.969,1725.2945571709154
7733,2,3466.678679311422,82.966,1725.7299799546877
